Workbook

Sheet 0324
A1: 団体名 | C1: 演劇UNIT WAN-WAN BOTAN | L1: 緊急連絡先 | W1: 小屋入り期間 | AA1: 3/24（火） ～ 3/29（日）
A2: 公演名 | C2: 卒業 | L2: 蒼樹とも（舞台監督） | R2: 090-1711-3264 | W2: 公演期間 | AA2: 3/28（土） ～ 3/29（日）
W3: 公演設定 | AA3: 1st : 3/28（土）11:30 / 2st : 3/28（土）15:00
AA4: 3st : 3/28（土）18:30 / 4st : 3/29（日）11:30
AA5: 5st : 3/29（日）15:00
A8: 3/24（火） | D8: 0.41666667
C9: =D8 -> 0.41666667 | I9: =C9+'参照用（触らない）'!$A$2 -> 0.4375 | O9: =C9+'参照用（触らない）'!$A$1 -> 0.45833333 | U9: =O9+'参照用（触らない）'!$A$2 -> 0.47916667 | AA9: =O9+'参照用（触らない）'!$A$1 -> 0.5 | AG9: =AA9+'参照用（触らない）'!$A$2 -> 0.52083333
A10: 舞台 | C10: 搬入 / 舞台場ミリ 床シート設営 | I10: 床シート設置 | AG10: 休憩
A11: 照明
A12: 音響 | C12: 搬入 / 舞台場ミリ 床シート設営 | I12: 床シート設置 | AG12: 休憩
A13: 人員 | C13: 蒼樹、斎藤
C19: =AA9+'参照用（触らない）'!$A$1 -> 0.54166667 | I19: =C19+'参照用（触らない）'!$A$2 -> 0.5625 | O19: =C19+'参照用（触らない）'!$A$1 -> 0.58333333 | U19: =O19+'参照用（触らない）'!$A$2 -> 0.60416667 | AA19: =O19+'参照用（触らない）'!$A$1 -> 0.625 | AG19: =AA19+'参照用（触らない）'!$A$2 -> 0.64583333
A20: 舞台 | C20: 休憩 | I20: パネル設営 | AG20: 平台設営
A21: 照明
A22: 音響 | C22: 休憩 | I22: パネル設営 | AG22: 平台設営
A23: 人員
C29: =AA19+'参照用（触らない）'!$A$1 -> 0.66666667 | I29: =C29+'参照用（触らない）'!$A$2 -> 0.6875 | O29: =C29+'参照用（触らない）'!$A$1 -> 0.70833333 | U29: =O29+'参照用（触らない）'!$A$2 -> 0.72916667 | AA29: =O29+'参照用（触らない）'!$A$1 -> 0.75 | AG29: =AA29+'参照用（触らない）'!$A$2 -> 0.77083333
A30: 舞台 | C30: 平台設営 | I30: 建具設営 （ドア、窓）
A31: 照明
A32: 音響 | C32: 平台設営 | I32: 建具設営 （ドア、窓）
A33: 人員 | C33: 前原 蒼樹、斎藤 | AA33: 前原、わぎ 蒼樹、斎藤 | AG33: 前原、わぎ、すみ 蒼樹
C39: =AA29+'参照用（触らない）'!$A$1 -> 0.79166667 | I39: =C39+'参照用（触らない）'!$A$2 -> 0.8125 | O39: =C39+'参照用（触らない）'!$A$1 -> 0.83333333 | U39: =O39+'参照用（触らない）'!$A$2 -> 0.85416667 | AA39: =O39+'参照用（触らない）'!$A$1 -> 0.875 | AG39: =AA39+'参照用（触らない）'!$A$2 -> 0.89583333
A40: 舞台 | C40: 建具設営 （窓、壁掛け、ロッカー、スロープ） | O40: 雑務 | AG40: 撤収
A41: 照明 | C41: 灯体準備・吊り込み | I41: 吊り込み・結線
A42: 音響
A43: 人員 | C43: 前原、わぎ、すみ 蒼樹、N碕 | I43: 前原、わぎ、すみ 蒼樹、N碕、葵 | AG43: 前原、わぎ、すみ 蒼樹、N碕、葵
A47: 役者 | O47: スタッフ
A48: =VLOOKUP('参照用（触らない）'!$B1,メンバー!$A$13:$I$17,2,FALSE) -> わざさん | D48: =VLOOKUP('参照用（触らない）'!$B1,メンバー!$A$13:$I$17,4,FALSE) -> 18～ | O48: =VLOOKUP('参照用（触らない）'!$B1,メンバー!$A$3:$I$11,3,FALSE) -> 前原A僚太 | R48: =VLOOKUP('参照用（触らない）'!$B1,メンバー!$A$3:$I$11,4,FALSE) -> 16～ | V48: =VLOOKUP('参照用（触らない）'!$B5,メンバー!$A$3:$I$11,3,FALSE) -> 齋藤大輝 | Y48: =VLOOKUP('参照用（触らない）'!$B5,メンバー!$A$3:$I$11,4,FALSE) -> 10～17:45
A49: =VLOOKUP('参照用（触らない）'!$B2,メンバー!$A$13:$I$17,2,FALSE) -> 春田ひなの | D49: =VLOOKUP('参照用（触らない）'!$B2,メンバー!$A$13:$I$17,4,FALSE) -> × | O49: =VLOOKUP('参照用（触らない）'!$B2,メンバー!$A$3:$I$11,3,FALSE) -> 北風ゆうたろう | R49: =VLOOKUP('参照用（触らない）'!$B2,メンバー!$A$3:$I$11,4,FALSE) -> × | V49: =VLOOKUP('参照用（触らない）'!$B6,メンバー!$A$3:$I$11,3,FALSE) -> 岡田萌 | Y49: =VLOOKUP('参照用（触らない）'!$B6,メンバー!$A$3:$I$11,4,FALSE) -> ×
A50: =VLOOKUP('参照用（触らない）'!$B3,メンバー!$A$13:$I$17,2,FALSE) -> すみほのか | D50: =VLOOKUP('参照用（触らない）'!$B3,メンバー!$A$13:$I$17,4,FALSE) -> 18:30～ | O50: =VLOOKUP('参照用（触らない）'!$B3,メンバー!$A$3:$I$11,3,FALSE) -> 蒼樹とも | R50: =VLOOKUP('参照用（触らない）'!$B3,メンバー!$A$3:$I$11,4,FALSE) -> 〇 | V50: =VLOOKUP('参照用（触らない）'!$B7,メンバー!$A$3:$I$11,3,FALSE) -> 葵 | Y50: =VLOOKUP('参照用（触らない）'!$B7,メンバー!$A$3:$I$11,4,FALSE) -> 19:30～※
A51: =VLOOKUP('参照用（触らない）'!$B4,メンバー!$A$13:$I$17,2,FALSE) -> 古川詠介 | D51: =VLOOKUP('参照用（触らない）'!$B4,メンバー!$A$13:$I$17,4,FALSE) -> × | O51: =VLOOKUP('参照用（触らない）'!$B4,メンバー!$A$3:$I$11,3,FALSE) -> N碕 | R51: =VLOOKUP('参照用（触らない）'!$B4,メンバー!$A$3:$I$11,4,FALSE) -> 19～※

Sheet 0325
A1: 団体名 | C1: 演劇UNIT WAN-WAN BOTAN | L1: 緊急連絡先 | W1: 小屋入り期間 | AA1: 3/24（火） ～ 3/29（日）
A2: 公演名 | C2: 卒業 | L2: 蒼樹とも（舞台監督） | R2: 090-1711-3264 | W2: 公演期間 | AA2: 3/28（土） ～ 3/29（日）
W3: 公演設定 | AA3: 1st : 3/28（土）11:30 / 2st : 3/28（土）15:00
AA4: 3st : 3/28（土）18:30 / 4st : 3/29（日）11:30
AA5: 5st : 3/29（日）15:00
A8: 3/25（水） | D8: 0.41666667
C9: =D8 -> 0.41666667 | I9: =C9+'参照用（触らない）'!$A$2 -> 0.4375 | O9: =C9+'参照用（触らない）'!$A$1 -> 0.45833333 | U9: =O9+'参照用（触らない）'!$A$2 -> 0.47916667 | AA9: =O9+'参照用（触らない）'!$A$1 -> 0.5 | AG9: =AA9+'参照用（触らない）'!$A$2 -> 0.52083333
A10: 舞台
A11: 照明
A12: 音響
A13: 人員 | C13: 斎藤 | AA13: 斎藤、岡田
C19: =AA9+'参照用（触らない）'!$A$1 -> 0.54166667 | I19: =C19+'参照用（触らない）'!$A$2 -> 0.5625 | O19: =C19+'参照用（触らない）'!$A$1 -> 0.58333333 | U19: =O19+'参照用（触らない）'!$A$2 -> 0.60416667 | AA19: =O19+'参照用（触らない）'!$A$1 -> 0.625 | AG19: =AA19+'参照用（触らない）'!$A$2 -> 0.64583333
A20: 舞台
A21: 照明
A22: 音響
A23: 人員
C29: =AA19+'参照用（触らない）'!$A$1 -> 0.66666667 | I29: =C29+'参照用（触らない）'!$A$2 -> 0.6875 | O29: =C29+'参照用（触らない）'!$A$1 -> 0.70833333 | U29: =O29+'参照用（触らない）'!$A$2 -> 0.72916667 | AA29: =O29+'参照用（触らない）'!$A$1 -> 0.75 | AG29: =AA29+'参照用（触らない）'!$A$2 -> 0.77083333
A30: 舞台
A31: 照明
A32: 音響
A33: 人員 | C33: 前原 斎藤、岡田 | AA33: 前原、わぎ 斎藤、岡田 | AG33: 前原、わぎ、すみ 斎藤、岡田
C39: =AA29+'参照用（触らない）'!$A$1 -> 0.79166667 | I39: =C39+'参照用（触らない）'!$A$2 -> 0.8125 | O39: =C39+'参照用（触らない）'!$A$1 -> 0.83333333 | U39: =O39+'参照用（触らない）'!$A$2 -> 0.85416667 | AA39: =O39+'参照用（触らない）'!$A$1 -> 0.875 | AG39: =AA39+'参照用（触らない）'!$A$2 -> 0.89583333
A40: 舞台 | AG40: 撤収
A41: 照明 | C41: 吊り込み・結線 | O41: 点灯チェック・手直し | U41: 卓仕込み
A42: 音響 | C42: 音響作業・照明補助 | O42: 点灯チェック・手直し | U42: 音響作業・照明補助
A43: 人員 | C43: 前原、わぎ、すみ 斎藤、岡田、N碕 | I43: 前原、わぎ、すみ 斎藤、岡田、N碕、蒼樹、葵 | AG43: 前原、わぎ、すみ 斎藤、岡田、N碕、蒼樹、葵
A47: 役者 | O47: スタッフ
A48: =VLOOKUP('参照用（触らない）'!$B1,メンバー!$A$13:$I$17,2,FALSE) -> わざさん | D48: =VLOOKUP('参照用（触らない）'!$B1,メンバー!$A$13:$I$17,5,FALSE) -> 18～ | O48: =VLOOKUP('参照用（触らない）'!$B1,メンバー!$A$3:$I$11,3,FALSE) -> 前原A僚太 | R48: =VLOOKUP('参照用（触らない）'!$B1,メンバー!$A$3:$I$11,5,FALSE) -> 16～ | V48: =VLOOKUP('参照用（触らない）'!$B5,メンバー!$A$3:$I$11,3,FALSE) -> 齋藤大輝 | Y48: =VLOOKUP('参照用（触らない）'!$B5,メンバー!$A$3:$I$11,5,FALSE) -> 〇
A49: =VLOOKUP('参照用（触らない）'!$B2,メンバー!$A$13:$I$17,2,FALSE) -> 春田ひなの | D49: =VLOOKUP('参照用（触らない）'!$B2,メンバー!$A$13:$I$17,5,FALSE) -> × | O49: =VLOOKUP('参照用（触らない）'!$B2,メンバー!$A$3:$I$11,3,FALSE) -> 北風ゆうたろう | R49: =VLOOKUP('参照用（触らない）'!$B2,メンバー!$A$3:$I$11,5,FALSE) -> × | V49: =VLOOKUP('参照用（触らない）'!$B6,メンバー!$A$3:$I$11,3,FALSE) -> 岡田萌 | Y49: =VLOOKUP('参照用（触らない）'!$B6,メンバー!$A$3:$I$11,5,FALSE) -> 12～
A50: =VLOOKUP('参照用（触らない）'!$B3,メンバー!$A$13:$I$17,2,FALSE) -> すみほのか | D50: =VLOOKUP('参照用（触らない）'!$B3,メンバー!$A$13:$I$17,5,FALSE) -> 18:30～ | O50: =VLOOKUP('参照用（触らない）'!$B3,メンバー!$A$3:$I$11,3,FALSE) -> 蒼樹とも | R50: =VLOOKUP('参照用（触らない）'!$B3,メンバー!$A$3:$I$11,5,FALSE) -> 19:30～ | V50: =VLOOKUP('参照用（触らない）'!$B7,メンバー!$A$3:$I$11,3,FALSE) -> 葵 | Y50: =VLOOKUP('参照用（触らない）'!$B7,メンバー!$A$3:$I$11,5,FALSE) -> 19:30～※
A51: =VLOOKUP('参照用（触らない）'!$B4,メンバー!$A$13:$I$17,2,FALSE) -> 古川詠介 | D51: =VLOOKUP('参照用（触らない）'!$B4,メンバー!$A$13:$I$17,5,FALSE) -> × | O51: =VLOOKUP('参照用（触らない）'!$B4,メンバー!$A$3:$I$11,3,FALSE) -> N碕 | R51: =VLOOKUP('参照用（触らない）'!$B4,メンバー!$A$3:$I$11,5,FALSE) -> 19～※

Sheet 0326
A1: 団体名 | C1: 演劇UNIT WAN-WAN BOTAN | L1: 緊急連絡先 | W1: 小屋入り期間 | AA1: 3/24（火） ～ 3/29（日）
A2: 公演名 | C2: 卒業 | L2: 蒼樹とも（舞台監督） | R2: 090-1711-3264 | W2: 公演期間 | AA2: 3/28（土） ～ 3/29（日）
W3: 公演設定 | AA3: 1st : 3/28（土）11:30 / 2st : 3/28（土）15:00
AA4: 3st : 3/28（土）18:30 / 4st : 3/29（日）11:30
AA5: 5st : 3/29（日）15:00
A8: 3/26（木） | D8: 0.41666667
C9: =D8 -> 0.41666667 | I9: =C9+'参照用（触らない）'!$A$2 -> 0.4375 | O9: =C9+'参照用（触らない）'!$A$1 -> 0.45833333 | U9: =O9+'参照用（触らない）'!$A$2 -> 0.47916667 | AA9: =O9+'参照用（触らない）'!$A$1 -> 0.5 | AG9: =AA9+'参照用（触らない）'!$A$2 -> 0.52083333
A10: 舞台
A11: 照明
A12: 音響
A13: 人員 | C13: 斎藤、岡田
C19: =AA9+'参照用（触らない）'!$A$1 -> 0.54166667 | I19: =C19+'参照用（触らない）'!$A$2 -> 0.5625 | O19: =C19+'参照用（触らない）'!$A$1 -> 0.58333333 | U19: =O19+'参照用（触らない）'!$A$2 -> 0.60416667 | AA19: =O19+'参照用（触らない）'!$A$1 -> 0.625 | AG19: =AA19+'参照用（触らない）'!$A$2 -> 0.64583333
A20: 舞台
A21: 照明
A22: 音響
A23: 人員 | C23: 春田 斎藤、岡田
C29: =AA19+'参照用（触らない）'!$A$1 -> 0.66666667 | I29: =C29+'参照用（触らない）'!$A$2 -> 0.6875 | O29: =C29+'参照用（触らない）'!$A$1 -> 0.70833333 | U29: =O29+'参照用（触らない）'!$A$2 -> 0.72916667 | AA29: =O29+'参照用（触らない）'!$A$1 -> 0.75 | AG29: =AA29+'参照用（触らない）'!$A$2 -> 0.77083333
A30: 舞台
A31: 照明
A32: 音響 | AA32: 簡易場当たり？
A33: 人員 | C33: 春田、前原 斎藤、岡田 | AA33: 春田、前原、わぎ 斎藤、岡田 | AG33: 春田、前原、わぎ、すみ 斎藤、岡田
C39: =AA29+'参照用（触らない）'!$A$1 -> 0.79166667 | I39: =C39+'参照用（触らない）'!$A$2 -> 0.8125 | O39: =C39+'参照用（触らない）'!$A$1 -> 0.83333333 | U39: =O39+'参照用（触らない）'!$A$2 -> 0.85416667 | AA39: =O39+'参照用（触らない）'!$A$1 -> 0.875 | AG39: =AA39+'参照用（触らない）'!$A$2 -> 0.89583333
A40: 舞台 | O40: 手直し | AG40: 撤収
A41: 照明 | O41: 手直し・簡易場当たり？
A42: 音響 | C42: 簡易場当たり？ | O42: 手直し・簡易場当たり？
A43: 人員 | C43: 春田、前原、わぎ、すみ 斎藤、岡田 | I43: 前原、わぎ、すみ 斎藤、岡田、蒼樹、葵 | O43: 前原、わぎ、すみ 斎藤、岡田、蒼樹、葵、N碕 | AG43: 前原、わぎ、すみ 斎藤、岡田、蒼樹、葵、N碕
A47: 役者 | O47: スタッフ
A48: =VLOOKUP('参照用（触らない）'!$B1,メンバー!$A$13:$I$17,2,FALSE) -> わざさん | D48: =VLOOKUP('参照用（触らない）'!$B1,メンバー!$A$13:$I$17,6,FALSE) -> 18～ | O48: =VLOOKUP('参照用（触らない）'!$B1,メンバー!$A$3:$I$11,3,FALSE) -> 前原A僚太 | R48: =VLOOKUP('参照用（触らない）'!$B1,メンバー!$A$3:$I$11,6,FALSE) -> 16～ | V48: =VLOOKUP('参照用（触らない）'!$B5,メンバー!$A$3:$I$11,3,FALSE) -> 齋藤大輝 | Y48: =VLOOKUP('参照用（触らない）'!$B5,メンバー!$A$3:$I$11,6,FALSE) -> 〇
A49: =VLOOKUP('参照用（触らない）'!$B2,メンバー!$A$13:$I$17,2,FALSE) -> 春田ひなの | D49: =VLOOKUP('参照用（触らない）'!$B2,メンバー!$A$13:$I$17,6,FALSE) -> 13～19※ | O49: =VLOOKUP('参照用（触らない）'!$B2,メンバー!$A$3:$I$11,3,FALSE) -> 北風ゆうたろう | R49: =VLOOKUP('参照用（触らない）'!$B2,メンバー!$A$3:$I$11,6,FALSE) -> × | V49: =VLOOKUP('参照用（触らない）'!$B6,メンバー!$A$3:$I$11,3,FALSE) -> 岡田萌 | Y49: =VLOOKUP('参照用（触らない）'!$B6,メンバー!$A$3:$I$11,6,FALSE) -> 〇
A50: =VLOOKUP('参照用（触らない）'!$B3,メンバー!$A$13:$I$17,2,FALSE) -> すみほのか | D50: =VLOOKUP('参照用（触らない）'!$B3,メンバー!$A$13:$I$17,6,FALSE) -> 18:30～ | O50: =VLOOKUP('参照用（触らない）'!$B3,メンバー!$A$3:$I$11,3,FALSE) -> 蒼樹とも | R50: =VLOOKUP('参照用（触らない）'!$B3,メンバー!$A$3:$I$11,6,FALSE) -> 19:30～ | V50: =VLOOKUP('参照用（触らない）'!$B7,メンバー!$A$3:$I$11,3,FALSE) -> 葵 | Y50: =VLOOKUP('参照用（触らない）'!$B7,メンバー!$A$3:$I$11,6,FALSE) -> 19:30～※
A51: =VLOOKUP('参照用（触らない）'!$B4,メンバー!$A$13:$I$17,2,FALSE) -> 古川詠介 | D51: =VLOOKUP('参照用（触らない）'!$B4,メンバー!$A$13:$I$17,6,FALSE) -> × | O51: =VLOOKUP('参照用（触らない）'!$B4,メンバー!$A$3:$I$11,3,FALSE) -> N碕 | R51: =VLOOKUP('参照用（触らない）'!$B4,メンバー!$A$3:$I$11,6,FALSE) -> 20～※

Sheet 0327
A1: 団体名 | C1: 演劇UNIT WAN-WAN BOTAN | L1: 緊急連絡先 | W1: 小屋入り期間 | AA1: 3/24（火） ～ 3/29（日）
A2: 公演名 | C2: 卒業 | L2: 蒼樹とも（舞台監督） | R2: 090-1711-3264 | W2: 公演期間 | AA2: 3/28（土） ～ 3/29（日）
W3: 公演設定 | AA3: 1st : 3/28（土）11:30 / 2st : 3/28（土）15:00
AA4: 3st : 3/28（土）18:30 / 4st : 3/29（日）11:30
AA5: 5st : 3/29（日）15:00
A8: 3/27（金） | D8: 0.41666667
C9: =D8 -> 0.41666667 | I9: =C9+'参照用（触らない）'!$A$2 -> 0.4375 | O9: =C9+'参照用（触らない）'!$A$1 -> 0.45833333 | U9: =O9+'参照用（触らない）'!$A$2 -> 0.47916667 | AA9: =O9+'参照用（触らない）'!$A$1 -> 0.5 | AG9: =AA9+'参照用（触らない）'!$A$2 -> 0.52083333
A10: 役者 | C10: きっかけ準備・アップ 暗転チェック・蓄光 | I10: 場当たり | AA10: 休憩
A11: 音照
A12: 制作 | C12: 機材準備 | I12: 撮影・雑務 | AA12: 休憩
A13: 人員 | C13: 前原、わぎ 北風、蒼樹、N碕、斎藤、葵 | AA13: 前原、わぎ、すみ、古川 北風、蒼樹、N碕、斎藤、葵
C19: =AA9+'参照用（触らない）'!$A$1 -> 0.54166667 | I19: =C19+'参照用（触らない）'!$A$2 -> 0.5625 | O19: =C19+'参照用（触らない）'!$A$1 -> 0.58333333 | U19: =O19+'参照用（触らない）'!$A$2 -> 0.60416667 | AA19: =O19+'参照用（触らない）'!$A$1 -> 0.625 | AG19: =AA19+'参照用（触らない）'!$A$2 -> 0.64583333
A20: 役者 | C20: 場当たり
A21: 音照
A22: 制作 | C22: 撮影・制作雑務
A23: 人員 | C23: 前原、わぎ、すみ、古川、春田 北風、蒼樹、N碕、斎藤、葵
C29: =AA19+'参照用（触らない）'!$A$1 -> 0.66666667 | I29: =C29+'参照用（触らない）'!$A$2 -> 0.6875 | O29: =C29+'参照用（触らない）'!$A$1 -> 0.70833333 | U29: =O29+'参照用（触らない）'!$A$2 -> 0.72916667 | AA29: =O29+'参照用（触らない）'!$A$1 -> 0.75 | AG29: =AA29+'参照用（触らない）'!$A$2 -> 0.77083333
A30: 役者 | C30: 休憩・ゲネ準備 ゲネ前集合（16:50） | O30: ゲネ（2h） ※客入れ時間を取るなら、少し早めに
A31: 音照
A32: 制作 | C32: 機材準備・簡易客席準備 休憩
A33: 人員 | AG33: 前原、わぎ、すみ、古川、春田 北風、蒼樹、N碕、斎藤、葵、岡田
C39: =AA29+'参照用（触らない）'!$A$1 -> 0.79166667 | I39: =C39+'参照用（触らない）'!$A$2 -> 0.8125 | O39: =C39+'参照用（触らない）'!$A$1 -> 0.83333333 | U39: =O39+'参照用（触らない）'!$A$2 -> 0.85416667 | AA39: =O39+'参照用（触らない）'!$A$1 -> 0.875 | AG39: =AA39+'参照用（触らない）'!$A$2 -> 0.89583333
A40: 役者 | C40: トラシュ | I40: 返し練 | AG40: 撤収
A41: 音照
A42: 制作 | I42: 客席準備・制作準備
A43: 人員 | C43: 前原、わぎ、すみ、古川、春田 北風、蒼樹、N碕、斎藤、葵、岡田 | I43: 前原、わぎ、すみ、古川 北風、蒼樹、N碕、斎藤、葵、岡田 | AG43: 前原、わぎ、すみ、古川 北風、蒼樹、N碕、斎藤、葵、岡田
A47: 役者 | O47: スタッフ
A48: =VLOOKUP('参照用（触らない）'!$B1,メンバー!$A$13:$I$17,2,FALSE) -> わざさん | D48: =VLOOKUP('参照用（触らない）'!$B1,メンバー!$A$13:$I$17,7,FALSE) -> 〇 | O48: =VLOOKUP('参照用（触らない）'!$B1,メンバー!$A$3:$I$11,3,FALSE) -> 前原A僚太 | R48: =VLOOKUP('参照用（触らない）'!$B1,メンバー!$A$3:$I$11,7,FALSE) -> 〇 | V48: =VLOOKUP('参照用（触らない）'!$B5,メンバー!$A$3:$I$11,3,FALSE) -> 齋藤大輝 | Y48: =VLOOKUP('参照用（触らない）'!$B5,メンバー!$A$3:$I$11,7,FALSE) -> 〇
A49: =VLOOKUP('参照用（触らない）'!$B2,メンバー!$A$13:$I$17,2,FALSE) -> 春田ひなの | D49: =VLOOKUP('参照用（触らない）'!$B2,メンバー!$A$13:$I$17,7,FALSE) -> 13～19※ | O49: =VLOOKUP('参照用（触らない）'!$B2,メンバー!$A$3:$I$11,3,FALSE) -> 北風ゆうたろう | R49: =VLOOKUP('参照用（触らない）'!$B2,メンバー!$A$3:$I$11,7,FALSE) -> 〇 | V49: =VLOOKUP('参照用（触らない）'!$B6,メンバー!$A$3:$I$11,3,FALSE) -> 岡田萌 | Y49: =VLOOKUP('参照用（触らない）'!$B6,メンバー!$A$3:$I$11,7,FALSE) -> 18:30～
A50: =VLOOKUP('参照用（触らない）'!$B3,メンバー!$A$13:$I$17,2,FALSE) -> すみほのか | D50: =VLOOKUP('参照用（触らない）'!$B3,メンバー!$A$13:$I$17,7,FALSE) -> 12～ | O50: =VLOOKUP('参照用（触らない）'!$B3,メンバー!$A$3:$I$11,3,FALSE) -> 蒼樹とも | R50: =VLOOKUP('参照用（触らない）'!$B3,メンバー!$A$3:$I$11,7,FALSE) -> 〇 | V50: =VLOOKUP('参照用（触らない）'!$B7,メンバー!$A$3:$I$11,3,FALSE) -> 葵 | Y50: =VLOOKUP('参照用（触らない）'!$B7,メンバー!$A$3:$I$11,7,FALSE) -> 〇
A51: =VLOOKUP('参照用（触らない）'!$B4,メンバー!$A$13:$I$17,2,FALSE) -> 古川詠介 | D51: =VLOOKUP('参照用（触らない）'!$B4,メンバー!$A$13:$I$17,7,FALSE) -> 12～ | O51: =VLOOKUP('参照用（触らない）'!$B4,メンバー!$A$3:$I$11,3,FALSE) -> N碕 | R51: =VLOOKUP('参照用（触らない）'!$B4,メンバー!$A$3:$I$11,7,FALSE) -> 〇

Sheet 0328
A1: 団体名 | C1: 演劇UNIT WAN-WAN BOTAN | L1: 緊急連絡先 | W1: 小屋入り期間 | AA1: 3/24（火） ～ 3/29（日）
A2: 公演名 | C2: 卒業 | L2: 蒼樹とも（舞台監督） | R2: 090-1711-3264 | W2: 公演期間 | AA2: 3/28（土） ～ 3/29（日）
W3: 公演設定 | AA3: 1st : 3/28（土）11:30 / 2st : 3/28（土）15:00
AA4: 3st : 3/28（土）18:30 / 4st : 3/29（日）11:30
AA5: 5st : 3/29（日）15:00
A8: 3/28（土） | D8: 0.41666667
C9: =D8 -> 0.41666667 | I9: =C9+'参照用（触らない）'!$A$2 -> 0.4375 | O9: =C9+'参照用（触らない）'!$A$1 -> 0.45833333 | U9: =O9+'参照用（触らない）'!$A$2 -> 0.47916667 | AA9: =O9+'参照用（触らない）'!$A$1 -> 0.5 | AG9: =AA9+'参照用（触らない）'!$A$2 -> 0.52083333
A10: 役者 | C10: アップ・本番準備 本番前集合（10:50） | O10: 1st 客入れ（30m） | U10: 1st（2h）
A11: 音照
A12: スタッフ
A13: 人員
C19: =AA9+'参照用（触らない）'!$A$1 -> 0.54166667 | I19: =C19+'参照用（触らない）'!$A$2 -> 0.5625 | O19: =C19+'参照用（触らない）'!$A$1 -> 0.58333333 | U19: =O19+'参照用（触らない）'!$A$2 -> 0.60416667 | AA19: =O19+'参照用（触らない）'!$A$1 -> 0.625 | AG19: =AA19+'参照用（触らない）'!$A$2 -> 0.64583333
A20: 役者 | C20: 4st（2h） | I20: 客出し | O20: 休憩 トラシュ・本番準備 本番前集合（14:20） | U20: 2st 客入れ（30m） | AA20: 2st（2h）
A21: 音照
A22: スタッフ
A23: 人員
C29: =AA19+'参照用（触らない）'!$A$1 -> 0.66666667 | I29: =C29+'参照用（触らない）'!$A$2 -> 0.6875 | O29: =C29+'参照用（触らない）'!$A$1 -> 0.70833333 | U29: =O29+'参照用（触らない）'!$A$2 -> 0.72916667 | AA29: =O29+'参照用（触らない）'!$A$1 -> 0.75 | AG29: =AA29+'参照用（触らない）'!$A$2 -> 0.77083333
A30: 役者 | C30: 2st（2h） | O30: 客出し | U30: 休憩 トラシュ・本番準備 本番前集合（17:50） | AA30: 3st 客入れ（30m） | AG30: 3st（2h）
A31: 音照
A32: スタッフ
A33: 人員
C39: =AA29+'参照用（触らない）'!$A$1 -> 0.79166667 | I39: =C39+'参照用（触らない）'!$A$2 -> 0.8125 | O39: =C39+'参照用（触らない）'!$A$1 -> 0.83333333 | U39: =O39+'参照用（触らない）'!$A$2 -> 0.85416667 | AA39: =O39+'参照用（触らない）'!$A$1 -> 0.875 | AG39: =AA39+'参照用（触らない）'!$A$2 -> 0.89583333
A40: 役者 | C40: 3st（2h） | U40: 客出し | AA40: トラシュ | AG40: 返し・撤収
A41: 音照
A42: スタッフ
A43: 人員
A47: 役者 | O47: スタッフ
A48: =VLOOKUP('参照用（触らない）'!$B1,メンバー!$A$13:$I$17,2,FALSE) -> わざさん | D48: =VLOOKUP('参照用（触らない）'!$B1,メンバー!$A$13:$I$17,8,FALSE) -> 〇 | O48: =VLOOKUP('参照用（触らない）'!$B1,メンバー!$A$3:$I$11,3,FALSE) -> 前原A僚太 | R48: =VLOOKUP('参照用（触らない）'!$B1,メンバー!$A$3:$I$11,8,FALSE) -> 〇 | V48: =VLOOKUP('参照用（触らない）'!$B5,メンバー!$A$3:$I$11,3,FALSE) -> 齋藤大輝 | Y48: =VLOOKUP('参照用（触らない）'!$B5,メンバー!$A$3:$I$11,8,FALSE) -> 〇
A49: =VLOOKUP('参照用（触らない）'!$B2,メンバー!$A$13:$I$17,2,FALSE) -> 春田ひなの | D49: =VLOOKUP('参照用（触らない）'!$B2,メンバー!$A$13:$I$17,8,FALSE) -> 〇 | O49: =VLOOKUP('参照用（触らない）'!$B2,メンバー!$A$3:$I$11,3,FALSE) -> 北風ゆうたろう | R49: =VLOOKUP('参照用（触らない）'!$B2,メンバー!$A$3:$I$11,8,FALSE) -> 〇 | V49: =VLOOKUP('参照用（触らない）'!$B6,メンバー!$A$3:$I$11,3,FALSE) -> 岡田萌 | Y49: =VLOOKUP('参照用（触らない）'!$B6,メンバー!$A$3:$I$11,8,FALSE) -> 〇
A50: =VLOOKUP('参照用（触らない）'!$B3,メンバー!$A$13:$I$17,2,FALSE) -> すみほのか | D50: =VLOOKUP('参照用（触らない）'!$B3,メンバー!$A$13:$I$17,8,FALSE) -> 〇 | O50: =VLOOKUP('参照用（触らない）'!$B3,メンバー!$A$3:$I$11,3,FALSE) -> 蒼樹とも | R50: =VLOOKUP('参照用（触らない）'!$B3,メンバー!$A$3:$I$11,8,FALSE) -> 〇 | V50: =VLOOKUP('参照用（触らない）'!$B7,メンバー!$A$3:$I$11,3,FALSE) -> 葵 | Y50: =VLOOKUP('参照用（触らない）'!$B7,メンバー!$A$3:$I$11,8,FALSE) -> 〇
A51: =VLOOKUP('参照用（触らない）'!$B4,メンバー!$A$13:$I$17,2,FALSE) -> 古川詠介 | D51: =VLOOKUP('参照用（触らない）'!$B4,メンバー!$A$13:$I$17,8,FALSE) -> 〇 | O51: =VLOOKUP('参照用（触らない）'!$B4,メンバー!$A$3:$I$11,3,FALSE) -> N碕 | R51: =VLOOKUP('参照用（触らない）'!$B4,メンバー!$A$3:$I$11,8,FALSE) -> 〇

Sheet 0329
A1: 団体名 | C1: 演劇UNIT WAN-WAN BOTAN | L1: 緊急連絡先 | W1: 小屋入り期間 | AA1: 3/24（火） ～ 3/29（日）
A2: 公演名 | C2: 卒業 | L2: 蒼樹とも（舞台監督） | R2: 090-1711-3264 | W2: 公演期間 | AA2: 3/28（土） ～ 3/29（日）
W3: 公演設定 | AA3: 1st : 3/28（土）11:30 / 2st : 3/28（土）15:00
AA4: 3st : 3/28（土）18:30 / 4st : 3/29（日）11:30
AA5: 5st : 3/29（日）15:00
A8: 3/29（日） | D8: 0.41666667
C9: =D8 -> 0.41666667 | I9: =C9+'参照用（触らない）'!$A$2 -> 0.4375 | O9: =C9+'参照用（触らない）'!$A$1 -> 0.45833333 | U9: =O9+'参照用（触らない）'!$A$2 -> 0.47916667 | AA9: =O9+'参照用（触らない）'!$A$1 -> 0.5 | AG9: =AA9+'参照用（触らない）'!$A$2 -> 0.52083333
A10: 役者 | C10: アップ・本番準備 本番前集合（10:50） | O10: 4st 客入れ（30m） | U10: 4st（2h）
A11: 音照
A12: スタッフ
A13: 人員
C19: =AA9+'参照用（触らない）'!$A$1 -> 0.54166667 | I19: =C19+'参照用（触らない）'!$A$2 -> 0.5625 | O19: =C19+'参照用（触らない）'!$A$1 -> 0.58333333 | U19: =O19+'参照用（触らない）'!$A$2 -> 0.60416667 | AA19: =O19+'参照用（触らない）'!$A$1 -> 0.625 | AG19: =AA19+'参照用（触らない）'!$A$2 -> 0.64583333
A20: 役者 | C20: 4st（2h） | I20: 客出し | O20: 休憩 本番準備 本番前集合（14:20） | U20: 5st 客入れ（30m） | AA20: 5st（2h）
A21: 音照
A22: スタッフ
A23: 人員
C29: =AA19+'参照用（触らない）'!$A$1 -> 0.66666667 | I29: =C29+'参照用（触らない）'!$A$2 -> 0.6875 | O29: =C29+'参照用（触らない）'!$A$1 -> 0.70833333 | U29: =O29+'参照用（触らない）'!$A$2 -> 0.72916667 | AA29: =O29+'参照用（触らない）'!$A$1 -> 0.75 | AG29: =AA29+'参照用（触らない）'!$A$2 -> 0.77083333
A30: 役者 | C30: 5st（2h） | O30: 客出し | U30: 撮影 | AA30: バラシ
A31: 音照
A32: スタッフ
A33: 人員
C39: =AA29+'参照用（触らない）'!$A$1 -> 0.79166667 | I39: =C39+'参照用（触らない）'!$A$2 -> 0.8125 | O39: =C39+'参照用（触らない）'!$A$1 -> 0.83333333 | U39: =O39+'参照用（触らない）'!$A$2 -> 0.85416667 | AA39: =O39+'参照用（触らない）'!$A$1 -> 0.875 | AG39: =AA39+'参照用（触らない）'!$A$2 -> 0.89583333
A40: 役者 | C40: バラシ
A41: 音照
A42: スタッフ
A43: 人員
A47: 役者 | O47: スタッフ
A48: =VLOOKUP('参照用（触らない）'!$B1,メンバー!$A$13:$I$17,2,FALSE) -> わざさん | D48: =VLOOKUP('参照用（触らない）'!$B1,メンバー!$A$13:$I$17,9,FALSE) -> 〇 | O48: =VLOOKUP('参照用（触らない）'!$B1,メンバー!$A$3:$I$11,3,FALSE) -> 前原A僚太 | R48: =VLOOKUP('参照用（触らない）'!$B1,メンバー!$A$3:$I$11,9,FALSE) -> 〇 | V48: =VLOOKUP('参照用（触らない）'!$B5,メンバー!$A$3:$I$11,3,FALSE) -> 齋藤大輝 | Y48: =VLOOKUP('参照用（触らない）'!$B5,メンバー!$A$3:$I$11,9,FALSE) -> 〇
A49: =VLOOKUP('参照用（触らない）'!$B2,メンバー!$A$13:$I$17,2,FALSE) -> 春田ひなの | D49: =VLOOKUP('参照用（触らない）'!$B2,メンバー!$A$13:$I$17,9,FALSE) -> 〇 | O49: =VLOOKUP('参照用（触らない）'!$B2,メンバー!$A$3:$I$11,3,FALSE) -> 北風ゆうたろう | R49: =VLOOKUP('参照用（触らない）'!$B2,メンバー!$A$3:$I$11,9,FALSE) -> 〇 | V49: =VLOOKUP('参照用（触らない）'!$B6,メンバー!$A$3:$I$11,3,FALSE) -> 岡田萌 | Y49: =VLOOKUP('参照用（触らない）'!$B6,メンバー!$A$3:$I$11,9,FALSE) -> 〇
A50: =VLOOKUP('参照用（触らない）'!$B3,メンバー!$A$13:$I$17,2,FALSE) -> すみほのか | D50: =VLOOKUP('参照用（触らない）'!$B3,メンバー!$A$13:$I$17,9,FALSE) -> 〇 | O50: =VLOOKUP('参照用（触らない）'!$B3,メンバー!$A$3:$I$11,3,FALSE) -> 蒼樹とも | R50: =VLOOKUP('参照用（触らない）'!$B3,メンバー!$A$3:$I$11,9,FALSE) -> 〇 | V50: =VLOOKUP('参照用（触らない）'!$B7,メンバー!$A$3:$I$11,3,FALSE) -> 葵 | Y50: =VLOOKUP('参照用（触らない）'!$B7,メンバー!$A$3:$I$11,9,FALSE) -> 〇
A51: =VLOOKUP('参照用（触らない）'!$B4,メンバー!$A$13:$I$17,2,FALSE) -> 古川詠介 | D51: =VLOOKUP('参照用（触らない）'!$B4,メンバー!$A$13:$I$17,9,FALSE) -> 〇 | O51: =VLOOKUP('参照用（触らない）'!$B4,メンバー!$A$3:$I$11,3,FALSE) -> N碕 | R51: =VLOOKUP('参照用（触らない）'!$B4,メンバー!$A$3:$I$11,9,FALSE) -> 〇

Sheet メンバー
B2: テクニカル | D2: 46105 | E2: 46106 | F2: 46107 | G2: 46108 | H2: 46109 | I2: 46110
A3: 1 | B3: 演出 | C3: 前原A僚太 | D3: 16～ | E3: 16～ | F3: 16～ | G3: 〇 | H3: 〇 | I3: 〇 | J3: ※火〜木は曜日指定あれば早め参加に調整可
A4: 2 | B4: 演出補佐 | C4: 北風ゆうたろう | D4: × | E4: × | F4: × | G4: 〇 | H4: 〇 | I4: 〇
A5: 3 | B5: 舞台監督 | C5: 蒼樹とも | D5: 〇 | E5: 19:30～ | F5: 19:30～ | G5: 〇 | H5: 〇 | I5: 〇
A6: 4 | B6: 照明 | C6: N碕 | D6: 19～※ | E6: 19～※ | F6: 20～※ | G6: 〇 | H6: 〇 | I6: 〇 | J6: ※残業で遅れる可能性あり
A7: 5 | B7: 音響 | C7: 齋藤大輝 | D7: 10～17:45 | E7: 〇 | F7: 〇 | G7: 〇 | H7: 〇 | I7: 〇
A8: 6 | B8: 衣装 | C8: 岡田萌 | D8: × | E8: 12～ | F8: 〇 | G8: 18:30～ | H8: 〇 | I8: 〇
B9: 小道具
A10: 7 | B10: 制作 | C10: 葵 | D10: 19:30～※ | E10: 19:30～※ | F10: 19:30～※ | G10: 〇 | H10: 〇 | I10: 〇 | J10: 残業で遅れる可能性あり
B11: 宣伝美術
B12: 役者 | D12: =D2 -> 46105 | E12: =E2 -> 46106 | F12: =F2 -> 46107 | G12: =G2 -> 46108 | H12: =H2 -> 46109 | I12: =I2 -> 46110
A13: 1 | B13: わざさん | D13: 18～ | E13: 18～ | F13: 18～ | G13: 〇 | H13: 〇 | I13: 〇 | J13: ※24〜26のうち1日は終日空けられる
B14: 前原A僚太
A15: 2 | B15: 春田ひなの | D15: × | E15: × | F15: 13～19※ | G15: 13～19※ | H15: 〇 | I15: 〇 | J15: ※変動の可能性あり
A16: 3 | B16: すみほのか | D16: 18:30～ | E16: 18:30～ | F16: 18:30～ | G16: 12～ | H16: 〇 | I16: 〇
A17: 4 | B17: 古川詠介 | D17: × | E17: × | F17: × | G17: 12～ | H17: 〇 | I17: 〇

Sheet 参照用（触らない）
A1: 0.041666667 | B1: 1
A2: 0.020833333 | B2: 2
B3: 3
B4: 4
B5: 5
B6: 6
B7: 7
B8: 8
B9: 9
B10: 10
B11: 11
B12: 12
B13: 13
B14: 14
B15: 15

Sheet 参照用
