Workbook

Sheet 1211
A1: 団体名 | C1: 爆劇戦線⚡和田謙二 | L1: 緊急連絡先 | W1: 小屋入り期間 | AA1: 12/11（木） ～ 12/14（日）
A2: 公演名 | C2: 激突！ヒーローVS魔法少女 | L2: てんま1/2（企画責任者） | R2: 080-6168-0244 | W2: 公演期間 | AA2: 12/13（土） ～ 12/14（日）
L3: 蒼樹とも（舞台監督） | R3: 090-1711-3264 | W3: 公演設定 | AA3: 1st : 12/13（土）13:00 / 2st : 12/13（土）17:00
AA4: 3st : 12/14（日）13:00 / 4st : 12/14（日）18:00
A8: 12/11（木） | D8: 0.41666667
C9: =D8 -> 0.41666667 | I9: =C9+'参照用（触らない）'!$A$2 -> 0.4375 | O9: =C9+'参照用（触らない）'!$A$1 -> 0.45833333 | U9: =O9+'参照用（触らない）'!$A$2 -> 0.47916667 | AA9: =O9+'参照用（触らない）'!$A$1 -> 0.5 | AG9: =AA9+'参照用（触らない）'!$A$2 -> 0.52083333
A10: 舞台 | C10: 搬入 / 舞台場ミリ 舞台平台設営 | I10: 舞台平台設営 パネル建込（釘止、番線） | O10: 黒幕吊 平台蹴込設営（養パネル） | U10: 箱設置 / 装飾付与 微調整 | AA10: 舞台雑務 / 制作・客席準備
A11: 照明
A12: 音響 | U12: 音響準備 / 卓準備 | AA12: サウンドチェック
A13: 人員 | C13: 【スタッフ】てんま、蒼樹、雅 【役者】真嶋、安河内、伊筑 | U13: 【スタッフ】てんま、蒼樹、雅、 松尾 【役者】真嶋、安河内、伊筑
C19: =AA9+'参照用（触らない）'!$A$1 -> 0.54166667 | I19: =C19+'参照用（触らない）'!$A$2 -> 0.5625 | O19: =C19+'参照用（触らない）'!$A$1 -> 0.58333333 | U19: =O19+'参照用（触らない）'!$A$2 -> 0.60416667 | AA19: =O19+'参照用（触らない）'!$A$1 -> 0.625 | AG19: =AA19+'参照用（触らない）'!$A$2 -> 0.64583333
A20: 舞台 | C20: 休憩 | O20: 雑務
A21: 照明 | C21: 灯体準備 / ゼラ仕込み 灯体吊り込み | I21: 灯体吊り込み | O21: 灯体吊り込み 結線 / シュート | AA21: 暗転チェック 卓準備 | AG21: シュート調整
A22: 音響 | C22: 休憩 | O22: 雑務
A23: 人員 | C23: 【スタッフ】てんま、蒼樹、雅、 松尾、菅原 【役者】真嶋、安河内、伊筑 | U23: 【スタッフ】てんま、蒼樹、雅、 松尾、菅原、いろ 【役者】真嶋、安河内、伊筑
C29: =AA19+'参照用（触らない）'!$A$1 -> 0.66666667 | I29: =C29+'参照用（触らない）'!$A$2 -> 0.6875 | O29: =C29+'参照用（触らない）'!$A$1 -> 0.70833333 | U29: =O29+'参照用（触らない）'!$A$2 -> 0.72916667 | AA29: =O29+'参照用（触らない）'!$A$1 -> 0.75 | AG29: =AA29+'参照用（触らない）'!$A$2 -> 0.77083333
A30: 舞台 | C30: 雑務 | O30: 休憩 | U30: 雑務
A31: 照明 | C31: 絵作り / 卓仕込み | U31: 場当たり準備 | AA31: 動線確認・蓄光設置 場当たり | AG31: 場当たり
A32: 音響 | C32: 雑務 | AA32: 場当たり
A33: 人員 | AA33: 【スタッフ】てんま、蒼樹、雅、 松尾、菅原、いろ 【役者】真嶋、安河内、伊筑、 榎村、ベル | AG33: 【スタッフ】てんま、蒼樹、雅、 松尾、菅原、いろ 【役者】真嶋、安河内、伊筑、 榎村、ベル、豊
C39: =AA29+'参照用（触らない）'!$A$1 -> 0.79166667 | I39: =C39+'参照用（触らない）'!$A$2 -> 0.8125 | O39: =C39+'参照用（触らない）'!$A$1 -> 0.83333333 | U39: =O39+'参照用（触らない）'!$A$2 -> 0.85416667 | AA39: =O39+'参照用（触らない）'!$A$1 -> 0.875 | AG39: =AA39+'参照用（触らない）'!$A$2 -> 0.89583333
A40: 役者 | C40: 場当たり | AG40: 場当たり 撤収
A41: 音照
A42: 人員 | C42: 【スタッフ】てんま、蒼樹、雅、 松尾、菅原、いろ、丹波橋 【役者】真嶋、安河内、伊筑、 榎村、ベル、豊、ゆうぞう | AG42: 【スタッフ】てんま、蒼樹、雅、 松尾、菅原、いろ、丹波橋 【役者】真嶋、安河内、伊筑、 榎村、ベル、豊、ゆうぞう
A46: 役者 | V46: スタッフ
A47: =VLOOKUP('参照用（触らない）'!$B1,メンバー!$A$16:$H$25,2,FALSE) -> 河元ケンヂ | D47: =VLOOKUP('参照用（触らない）'!$B1,メンバー!$A$16:$H$25,4,FALSE) -> 〇 | H47: =VLOOKUP('参照用（触らない）'!$B5,メンバー!$A$16:$H$25,2,FALSE) -> 真嶋 秀典 | K47: =VLOOKUP('参照用（触らない）'!$B5,メンバー!$A$16:$H$25,4,FALSE) -> 〇 | O47: =VLOOKUP('参照用（触らない）'!$B9,メンバー!$A$16:$H$25,2,FALSE) -> 安河内 咲月 | R47: =VLOOKUP('参照用（触らない）'!$B9,メンバー!$A$16:$H$25,4,FALSE) -> 〇 | V47: =VLOOKUP('参照用（触らない）'!$B1,メンバー!$A$4:$H$11,3,FALSE) -> 丹波橋あかね | Y47: =VLOOKUP('参照用（触らない）'!$B1,メンバー!$A$4:$H$11,4,FALSE) -> 19～ | AC47: =VLOOKUP('参照用（触らない）'!$B5,メンバー!$A$4:$H$11,3,FALSE) -> いろ | AF47: =VLOOKUP('参照用（触らない）'!$B5,メンバー!$A$4:$H$11,4,FALSE) -> 14:30～
A48: =VLOOKUP('参照用（触らない）'!$B2,メンバー!$A$16:$H$25,2,FALSE) -> 橘 | D48: =VLOOKUP('参照用（触らない）'!$B2,メンバー!$A$16:$H$25,4,FALSE) -> 要調整 18-19～ | H48: =VLOOKUP('参照用（触らない）'!$B6,メンバー!$A$16:$H$25,2,FALSE) -> 榎村 萌音 | K48: =VLOOKUP('参照用（触らない）'!$B6,メンバー!$A$16:$H$25,4,FALSE) -> 18～ | O48: =VLOOKUP('参照用（触らない）'!$B10,メンバー!$A$16:$H$25,2,FALSE) -> 伊筑 早希 | R48: =VLOOKUP('参照用（触らない）'!$B10,メンバー!$A$16:$H$25,4,FALSE) -> 〇 | V48: =VLOOKUP('参照用（触らない）'!$B2,メンバー!$A$4:$H$11,3,FALSE) -> 蒼樹とも | Y48: =VLOOKUP('参照用（触らない）'!$B2,メンバー!$A$4:$H$11,4,FALSE) -> 〇 | AC48: =VLOOKUP('参照用（触らない）'!$B6,メンバー!$A$4:$H$11,3,FALSE) -> 松尾明 | AF48: =VLOOKUP('参照用（触らない）'!$B6,メンバー!$A$4:$H$11,4,FALSE) -> 〇
A49: =VLOOKUP('参照用（触らない）'!$B3,メンバー!$A$16:$H$25,2,FALSE) -> 豊 ゆうみ | D49: =VLOOKUP('参照用（触らない）'!$B3,メンバー!$A$16:$H$25,4,FALSE) -> 18:30～ | H49: =VLOOKUP('参照用（触らない）'!$B7,メンバー!$A$16:$H$25,2,FALSE) -> 大島 弥子 | K49: =VLOOKUP('参照用（触らない）'!$B7,メンバー!$A$16:$H$25,4,FALSE) -> × | V49: =VLOOKUP('参照用（触らない）'!$B3,メンバー!$A$4:$H$11,3,FALSE) -> てんま1/2 | Y49: =VLOOKUP('参照用（触らない）'!$B3,メンバー!$A$4:$H$11,4,FALSE) -> 〇 | AC49: =VLOOKUP('参照用（触らない）'!$B7,メンバー!$A$4:$H$11,3,FALSE) -> 廣瀬雅 | AF49: =VLOOKUP('参照用（触らない）'!$B7,メンバー!$A$4:$H$11,4,FALSE) -> 〇
A50: =VLOOKUP('参照用（触らない）'!$B4,メンバー!$A$16:$H$25,2,FALSE) -> ベル | D50: =VLOOKUP('参照用（触らない）'!$B4,メンバー!$A$16:$H$25,4,FALSE) -> 18-19～ | H50: =VLOOKUP('参照用（触らない）'!$B8,メンバー!$A$16:$H$25,2,FALSE) -> ゆうぞう | K50: =VLOOKUP('参照用（触らない）'!$B8,メンバー!$A$16:$H$25,4,FALSE) -> 19～ | V50: =VLOOKUP('参照用（触らない）'!$B4,メンバー!$A$4:$H$11,3,FALSE) -> 菅原 三花 | Y50: =VLOOKUP('参照用（触らない）'!$B4,メンバー!$A$4:$H$11,4,FALSE) -> 13～

Sheet 1212
A1: 団体名 | C1: 爆劇戦線⚡和田謙二 | L1: 緊急連絡先 | W1: 小屋入り期間 | AA1: 12/11（木） ～ 12/14（日）
A2: 公演名 | C2: 激突！ヒーローVS魔法少女 | L2: てんま1/2（企画責任者） | R2: 080-6168-0244 | W2: 公演期間 | AA2: 12/13（土） ～ 12/14（日）
L3: 蒼樹とも（舞台監督） | R3: 090-1711-3264 | W3: 公演設定 | AA3: 1st : 12/13（土）13:00 / 2st : 12/13（土）17:00
AA4: 3st : 12/14（日）13:00 / 4st : 12/14（日）18:00
A8: 12/12（金） | D8: 0.41666667
C9: =D8 -> 0.41666667 | I9: =C9+'参照用（触らない）'!$A$2 -> 0.4375 | O9: =C9+'参照用（触らない）'!$A$1 -> 0.45833333 | U9: =O9+'参照用（触らない）'!$A$2 -> 0.47916667 | AA9: =O9+'参照用（触らない）'!$A$1 -> 0.5 | AG9: =AA9+'参照用（触らない）'!$A$2 -> 0.52083333
A10: 役者 | O10: 調整・場当たり準備
A11: 音照
A12: スタッフ | O12: 舞台手直し 制作作業（挟込・パンフ・客席等）
A13: 人員 | O13: 【役者】（橘、真嶋、大島、安河内、伊筑） 【スタッフ】てんま、蒼樹、菅原、松尾
C19: =AA9+'参照用（触らない）'!$A$1 -> 0.54166667 | I19: =C19+'参照用（触らない）'!$A$2 -> 0.5625 | O19: =C19+'参照用（触らない）'!$A$1 -> 0.58333333 | U19: =O19+'参照用（触らない）'!$A$2 -> 0.60416667 | AA19: =O19+'参照用（触らない）'!$A$1 -> 0.625 | AG19: =AA19+'参照用（触らない）'!$A$2 -> 0.64583333
A20: 役者 | C20: 休憩 | O20: 場当たり
A21: 音照
A22: スタッフ | O22: 雑務
A23: 人員 | O23: 【役者】橘、真嶋、大島、安河内、伊筑、豊、ベル、萌音、 ゆうぞう 【スタッフ】てんま、蒼樹、菅原、松尾、いろ、雅
C29: =AA19+'参照用（触らない）'!$A$1 -> 0.66666667 | I29: =C29+'参照用（触らない）'!$A$2 -> 0.6875 | O29: =C29+'参照用（触らない）'!$A$1 -> 0.70833333 | U29: =O29+'参照用（触らない）'!$A$2 -> 0.72916667 | AA29: =O29+'参照用（触らない）'!$A$1 -> 0.75 | AG29: =AA29+'参照用（触らない）'!$A$2 -> 0.77083333
A30: 役者 | C30: 場当たり | I30: 休憩・ゲネ準備 ゲネ前全体集合（16:50） | O30: ゲネ（2h）
A31: 音照
A32: スタッフ | C32: 雑務（撮影準備等）
A33: 人員 | C33: 【役者】橘、真嶋、大島、安河内、伊筑、豊、ベル、萌音、 ゆうぞう 【スタッフ】てんま、蒼樹、菅原、松尾、いろ、雅
C39: =AA29+'参照用（触らない）'!$A$1 -> 0.79166667 | I39: =C39+'参照用（触らない）'!$A$2 -> 0.8125 | O39: =C39+'参照用（触らない）'!$A$1 -> 0.83333333 | U39: =O39+'参照用（触らない）'!$A$2 -> 0.85416667 | AA39: =O39+'参照用（触らない）'!$A$1 -> 0.875 | AG39: =AA39+'参照用（触らない）'!$A$2 -> 0.89583333
A40: 役者 | C40: トラシュ | I40: 休憩 | O40: 返し練等 | AG40: 返し練 撤収
A41: 音照
A42: スタッフ | O42: 雑務 | AG42: 雑務 撤収
A43: 人員 | C43: 【役者】橘、真嶋、大島、安河内、伊筑、豊、ベル、萌音、 ゆうぞう 【スタッフ】てんま、蒼樹、菅原、松尾、いろ、雅、丹波橋 | AA43: 【役者】橘、真嶋、大島、安河内、伊筑、豊、ベル、萌音、 ゆうぞう 【スタッフ】てんま、蒼樹、菅原、松尾、いろ、雅、丹波橋
A47: 役者 | V47: スタッフ
A48: =VLOOKUP('参照用（触らない）'!$B1,メンバー!$A$16:$H$25,2,FALSE) -> 河元ケンヂ | D48: =VLOOKUP('参照用（触らない）'!$B1,メンバー!$A$16:$H$25,5,FALSE) -> 〇 | H48: =VLOOKUP('参照用（触らない）'!$B5,メンバー!$A$16:$H$25,2,FALSE) -> 真嶋 秀典 | K48: =VLOOKUP('参照用（触らない）'!$B5,メンバー!$A$16:$H$25,5,FALSE) -> 〇 | O48: =VLOOKUP('参照用（触らない）'!$B9,メンバー!$A$16:$H$25,2,FALSE) -> 安河内 咲月 | R48: =VLOOKUP('参照用（触らない）'!$B9,メンバー!$A$16:$H$25,5,FALSE) -> 〇 | V48: =VLOOKUP('参照用（触らない）'!$B1,メンバー!$A$4:$H$11,3,FALSE) -> 丹波橋あかね | Y48: =VLOOKUP('参照用（触らない）'!$B1,メンバー!$A$4:$H$11,5,FALSE) -> 19～ | AC48: =VLOOKUP('参照用（触らない）'!$B5,メンバー!$A$4:$H$11,3,FALSE) -> いろ | AF48: =VLOOKUP('参照用（触らない）'!$B5,メンバー!$A$4:$H$11,5,FALSE) -> 〇
A49: =VLOOKUP('参照用（触らない）'!$B2,メンバー!$A$16:$H$25,2,FALSE) -> 橘 | D49: =VLOOKUP('参照用（触らない）'!$B2,メンバー!$A$16:$H$25,5,FALSE) -> 〇 | H49: =VLOOKUP('参照用（触らない）'!$B6,メンバー!$A$16:$H$25,2,FALSE) -> 榎村 萌音 | K49: =VLOOKUP('参照用（触らない）'!$B6,メンバー!$A$16:$H$25,5,FALSE) -> 14～ | O49: =VLOOKUP('参照用（触らない）'!$B10,メンバー!$A$16:$H$25,2,FALSE) -> 伊筑 早希 | R49: =VLOOKUP('参照用（触らない）'!$B10,メンバー!$A$16:$H$25,5,FALSE) -> 〇 | V49: =VLOOKUP('参照用（触らない）'!$B2,メンバー!$A$4:$H$11,3,FALSE) -> 蒼樹とも | Y49: =VLOOKUP('参照用（触らない）'!$B2,メンバー!$A$4:$H$11,5,FALSE) -> 〇 | AC49: =VLOOKUP('参照用（触らない）'!$B6,メンバー!$A$4:$H$11,3,FALSE) -> 松尾明 | AF49: =VLOOKUP('参照用（触らない）'!$B6,メンバー!$A$4:$H$11,5,FALSE) -> 〇
A50: =VLOOKUP('参照用（触らない）'!$B3,メンバー!$A$16:$H$25,2,FALSE) -> 豊 ゆうみ | D50: =VLOOKUP('参照用（触らない）'!$B3,メンバー!$A$16:$H$25,5,FALSE) -> 14～ | H50: =VLOOKUP('参照用（触らない）'!$B7,メンバー!$A$16:$H$25,2,FALSE) -> 大島 弥子 | K50: =VLOOKUP('参照用（触らない）'!$B7,メンバー!$A$16:$H$25,5,FALSE) -> 〇 | V50: =VLOOKUP('参照用（触らない）'!$B3,メンバー!$A$4:$H$11,3,FALSE) -> てんま1/2 | Y50: =VLOOKUP('参照用（触らない）'!$B3,メンバー!$A$4:$H$11,5,FALSE) -> 〇 | AC50: =VLOOKUP('参照用（触らない）'!$B7,メンバー!$A$4:$H$11,3,FALSE) -> 廣瀬雅 | AF50: =VLOOKUP('参照用（触らない）'!$B7,メンバー!$A$4:$H$11,5,FALSE) -> 〇
A51: =VLOOKUP('参照用（触らない）'!$B4,メンバー!$A$16:$H$25,2,FALSE) -> ベル | D51: =VLOOKUP('参照用（触らない）'!$B4,メンバー!$A$16:$H$25,5,FALSE) -> 14～ | H51: =VLOOKUP('参照用（触らない）'!$B8,メンバー!$A$16:$H$25,2,FALSE) -> ゆうぞう | K51: =VLOOKUP('参照用（触らない）'!$B8,メンバー!$A$16:$H$25,5,FALSE) -> 14～ | V51: =VLOOKUP('参照用（触らない）'!$B4,メンバー!$A$4:$H$11,3,FALSE) -> 菅原 三花 | Y51: =VLOOKUP('参照用（触らない）'!$B4,メンバー!$A$4:$H$11,5,FALSE) -> 〇

Sheet 1213
A1: 団体名 | C1: 爆劇戦線⚡和田謙二 | L1: 緊急連絡先 | W1: 小屋入り期間 | AA1: 12/11（木） ～ 12/14（日）
A2: 公演名 | C2: 激突！ヒーローVS魔法少女 | L2: てんま1/2（企画責任者） | R2: 080-6168-0244 | W2: 公演期間 | AA2: 12/13（土） ～ 12/14（日）
L3: 蒼樹とも（舞台監督） | R3: 090-1711-3264 | W3: 公演設定 | AA3: 1st : 12/13（土）13:00 / 2st : 12/13（土）17:00
AA4: 3st : 12/14（日）13:00 / 4st : 12/14（日）18:00
A8: 12/13（土） | D8: 0.41666667
C9: =D8 -> 0.41666667 | I9: =C9+'参照用（触らない）'!$A$2 -> 0.4375 | O9: =C9+'参照用（触らない）'!$A$1 -> 0.45833333 | U9: =O9+'参照用（触らない）'!$A$2 -> 0.47916667 | AA9: =O9+'参照用（触らない）'!$A$1 -> 0.5 | AG9: =AA9+'参照用（触らない）'!$A$2 -> 0.52083333
A10: 役者 | C10: アップ・稽古・本番前準備等 | U10: 休憩・本番準備 本番前集合（12:20） | AG10: 1st 客入れ（30m）
A11: 音照
A12: スタッフ | C12: 雑務（本番前準備）
A13: 人員 | C13: 【役者】橘、真嶋、大島、安河内、伊筑、豊、ベル、萌音、 ゆうぞう 【スタッフ】てんま、蒼樹、菅原、松尾、いろ、雅
C19: =AA9+'参照用（触らない）'!$A$1 -> 0.54166667 | I19: =C19+'参照用（触らない）'!$A$2 -> 0.5625 | O19: =C19+'参照用（触らない）'!$A$1 -> 0.58333333 | U19: =O19+'参照用（触らない）'!$A$2 -> 0.60416667 | AA19: =O19+'参照用（触らない）'!$A$1 -> 0.625 | AG19: =AA19+'参照用（触らない）'!$A$2 -> 0.64583333
A20: 役者 | C20: 1st（2h） | AA20: トラシュ | AG20: 休憩・本番準備
A21: 音照
A22: スタッフ
A23: 人員
C29: =AA19+'参照用（触らない）'!$A$1 -> 0.66666667 | I29: =C29+'参照用（触らない）'!$A$2 -> 0.6875 | O29: =C29+'参照用（触らない）'!$A$1 -> 0.70833333 | U29: =O29+'参照用（触らない）'!$A$2 -> 0.72916667 | AA29: =O29+'参照用（触らない）'!$A$1 -> 0.75 | AG29: =AA29+'参照用（触らない）'!$A$2 -> 0.77083333
A30: 役者 | C30: 休憩・本番準備 本番前集合（17:20） | U30: 2st 客入れ（30m） | AA30: 2st（2h）
A31: 音照
A32: スタッフ
A33: 人員
C39: =AA29+'参照用（触らない）'!$A$1 -> 0.79166667 | I39: =C39+'参照用（触らない）'!$A$2 -> 0.8125 | O39: =C39+'参照用（触らない）'!$A$1 -> 0.83333333 | U39: =O39+'参照用（触らない）'!$A$2 -> 0.85416667 | AA39: =O39+'参照用（触らない）'!$A$1 -> 0.875 | AG39: =AA39+'参照用（触らない）'!$A$2 -> 0.89583333
A40: 役者 | C40: 2st（2h） | O40: トラシュ | U40: 返し練等 | AG40: 撤収
A41: 音照
A42: スタッフ | U42: 雑務
A43: 人員 | AA43: 【役者】橘、真嶋、大島、安河内、伊筑、豊、ベル、萌音、 ゆうぞう 【スタッフ】てんま、蒼樹、菅原、松尾、いろ、雅
A47: 役者 | V47: スタッフ
A48: =VLOOKUP('参照用（触らない）'!$B1,メンバー!$A$16:$H$25,2,FALSE) -> 河元ケンヂ | D48: =VLOOKUP('参照用（触らない）'!$B1,メンバー!$A$16:$H$25,6,FALSE) -> 〇 | H48: =VLOOKUP('参照用（触らない）'!$B5,メンバー!$A$16:$H$25,2,FALSE) -> 真嶋 秀典 | K48: =VLOOKUP('参照用（触らない）'!$B5,メンバー!$A$16:$H$25,6,FALSE) -> 〇 | O48: =VLOOKUP('参照用（触らない）'!$B9,メンバー!$A$16:$H$25,2,FALSE) -> 安河内 咲月 | R48: =VLOOKUP('参照用（触らない）'!$B9,メンバー!$A$16:$H$25,6,FALSE) -> 〇 | V48: =VLOOKUP('参照用（触らない）'!$B1,メンバー!$A$4:$H$11,3,FALSE) -> 丹波橋あかね | Y48: =VLOOKUP('参照用（触らない）'!$B1,メンバー!$A$4:$H$11,6,FALSE) -> × | AC48: =VLOOKUP('参照用（触らない）'!$B5,メンバー!$A$4:$H$11,3,FALSE) -> いろ | AF48: =VLOOKUP('参照用（触らない）'!$B5,メンバー!$A$4:$H$11,6,FALSE) -> 〇
A49: =VLOOKUP('参照用（触らない）'!$B2,メンバー!$A$16:$H$25,2,FALSE) -> 橘 | D49: =VLOOKUP('参照用（触らない）'!$B2,メンバー!$A$16:$H$25,6,FALSE) -> 〇 | H49: =VLOOKUP('参照用（触らない）'!$B6,メンバー!$A$16:$H$25,2,FALSE) -> 榎村 萌音 | K49: =VLOOKUP('参照用（触らない）'!$B6,メンバー!$A$16:$H$25,6,FALSE) -> 〇 | O49: =VLOOKUP('参照用（触らない）'!$B10,メンバー!$A$16:$H$25,2,FALSE) -> 伊筑 早希 | R49: =VLOOKUP('参照用（触らない）'!$B10,メンバー!$A$16:$H$25,6,FALSE) -> 〇 | V49: =VLOOKUP('参照用（触らない）'!$B2,メンバー!$A$4:$H$11,3,FALSE) -> 蒼樹とも | Y49: =VLOOKUP('参照用（触らない）'!$B2,メンバー!$A$4:$H$11,6,FALSE) -> 〇 | AC49: =VLOOKUP('参照用（触らない）'!$B6,メンバー!$A$4:$H$11,3,FALSE) -> 松尾明 | AF49: =VLOOKUP('参照用（触らない）'!$B6,メンバー!$A$4:$H$11,6,FALSE) -> 〇
A50: =VLOOKUP('参照用（触らない）'!$B3,メンバー!$A$16:$H$25,2,FALSE) -> 豊 ゆうみ | D50: =VLOOKUP('参照用（触らない）'!$B3,メンバー!$A$16:$H$25,6,FALSE) -> 〇 | H50: =VLOOKUP('参照用（触らない）'!$B7,メンバー!$A$16:$H$25,2,FALSE) -> 大島 弥子 | K50: =VLOOKUP('参照用（触らない）'!$B7,メンバー!$A$16:$H$25,6,FALSE) -> 〇 | V50: =VLOOKUP('参照用（触らない）'!$B3,メンバー!$A$4:$H$11,3,FALSE) -> てんま1/2 | Y50: =VLOOKUP('参照用（触らない）'!$B3,メンバー!$A$4:$H$11,6,FALSE) -> 〇 | AC50: =VLOOKUP('参照用（触らない）'!$B7,メンバー!$A$4:$H$11,3,FALSE) -> 廣瀬雅 | AF50: =VLOOKUP('参照用（触らない）'!$B7,メンバー!$A$4:$H$11,6,FALSE) -> 〇
A51: =VLOOKUP('参照用（触らない）'!$B4,メンバー!$A$16:$H$25,2,FALSE) -> ベル | D51: =VLOOKUP('参照用（触らない）'!$B4,メンバー!$A$16:$H$25,6,FALSE) -> 〇 | H51: =VLOOKUP('参照用（触らない）'!$B8,メンバー!$A$16:$H$25,2,FALSE) -> ゆうぞう | K51: =VLOOKUP('参照用（触らない）'!$B8,メンバー!$A$16:$H$25,6,FALSE) -> 〇 | V51: =VLOOKUP('参照用（触らない）'!$B4,メンバー!$A$4:$H$11,3,FALSE) -> 菅原 三花 | Y51: =VLOOKUP('参照用（触らない）'!$B4,メンバー!$A$4:$H$11,6,FALSE) -> 〇

Sheet 1214
A1: 団体名 | C1: 爆劇戦線⚡和田謙二 | L1: 緊急連絡先 | W1: 小屋入り期間 | AA1: 12/11（木） ～ 12/14（日）
A2: 公演名 | C2: 激突！ヒーローVS魔法少女 | L2: てんま1/2（企画責任者） | R2: 080-6168-0244 | W2: 公演期間 | AA2: 12/13（土） ～ 12/14（日）
L3: 蒼樹とも（舞台監督） | R3: 090-1711-3264 | W3: 公演設定 | AA3: 1st : 12/13（土）13:00 / 2st : 12/13（土）17:00
AA4: 3st : 12/14（日）13:00 / 4st : 12/14（日）18:00
A8: 12/14（土） | D8: 0.41666667
C9: =D8 -> 0.41666667 | I9: =C9+'参照用（触らない）'!$A$2 -> 0.4375 | O9: =C9+'参照用（触らない）'!$A$1 -> 0.45833333 | U9: =O9+'参照用（触らない）'!$A$2 -> 0.47916667 | AA9: =O9+'参照用（触らない）'!$A$1 -> 0.5 | AG9: =AA9+'参照用（触らない）'!$A$2 -> 0.52083333
A10: 役者 | C10: アップ・稽古・本番前準備等 | U10: 休憩・本番準備 本番前集合（12:20） | AG10: 3st 客入れ（30m）
A11: 音照
A12: スタッフ | C12: 雑務（本番前準備）
A13: 人員 | C13: 【役者】橘、真嶋、大島、安河内、伊筑、豊、ベル、萌音、 ゆうぞう 【スタッフ】てんま、蒼樹、菅原、松尾、丹波橋、いろ、雅
C19: =AA9+'参照用（触らない）'!$A$1 -> 0.54166667 | I19: =C19+'参照用（触らない）'!$A$2 -> 0.5625 | O19: =C19+'参照用（触らない）'!$A$1 -> 0.58333333 | U19: =O19+'参照用（触らない）'!$A$2 -> 0.60416667 | AA19: =O19+'参照用（触らない）'!$A$1 -> 0.625 | AG19: =AA19+'参照用（触らない）'!$A$2 -> 0.64583333
A20: 役者 | C20: 3st（2h） | AA20: トラシュ | AG20: 全体写真 返し等
A21: 音照
A22: スタッフ | AG22: 雑務
A23: 人員
C29: =AA19+'参照用（触らない）'!$A$1 -> 0.66666667 | I29: =C29+'参照用（触らない）'!$A$2 -> 0.6875 | O29: =C29+'参照用（触らない）'!$A$1 -> 0.70833333 | U29: =O29+'参照用（触らない）'!$A$2 -> 0.72916667 | AA29: =O29+'参照用（触らない）'!$A$1 -> 0.75 | AG29: =AA29+'参照用（触らない）'!$A$2 -> 0.77083333
A30: 役者 | C30: 休憩・本番準備 本番前集合（16:20） | I30: 4st 客入れ（30m） | O30: 4st（2h）
A31: 音照
A32: スタッフ
A33: 人員
C39: =AA29+'参照用（触らない）'!$A$1 -> 0.79166667 | I39: =C39+'参照用（触らない）'!$A$2 -> 0.8125 | O39: =C39+'参照用（触らない）'!$A$1 -> 0.83333333 | U39: =O39+'参照用（触らない）'!$A$2 -> 0.85416667 | AA39: =O39+'参照用（触らない）'!$A$1 -> 0.875 | AG39: =AA39+'参照用（触らない）'!$A$2 -> 0.89583333
A40: 役者 | C40: バラシ
A41: 音照
A42: スタッフ
A43: 人員 | AA43: 【役者】橘、真嶋、大島、安河内、伊筑、豊、ベル、萌音、 ゆうぞう 【スタッフ】てんま、蒼樹、菅原、松尾、丹波橋、いろ、雅
A47: 役者 | V47: スタッフ
A48: =VLOOKUP('参照用（触らない）'!$B1,メンバー!$A$16:$H$25,2,FALSE) -> 河元ケンヂ | D48: =VLOOKUP('参照用（触らない）'!$B1,メンバー!$A$16:$H$25,7,FALSE) -> 〇 | H48: =VLOOKUP('参照用（触らない）'!$B5,メンバー!$A$16:$H$25,2,FALSE) -> 真嶋 秀典 | K48: =VLOOKUP('参照用（触らない）'!$B5,メンバー!$A$16:$H$25,7,FALSE) -> 〇 | O48: =VLOOKUP('参照用（触らない）'!$B9,メンバー!$A$16:$H$25,2,FALSE) -> 安河内 咲月 | R48: =VLOOKUP('参照用（触らない）'!$B9,メンバー!$A$16:$H$25,7,FALSE) -> 〇 | V48: =VLOOKUP('参照用（触らない）'!$B1,メンバー!$A$4:$H$11,3,FALSE) -> 丹波橋あかね | Y48: =VLOOKUP('参照用（触らない）'!$B1,メンバー!$A$4:$H$11,7,FALSE) -> 〇 | AC48: =VLOOKUP('参照用（触らない）'!$B5,メンバー!$A$4:$H$11,3,FALSE) -> いろ | AF48: =VLOOKUP('参照用（触らない）'!$B5,メンバー!$A$4:$H$11,7,FALSE) -> 〇
A49: =VLOOKUP('参照用（触らない）'!$B2,メンバー!$A$16:$H$25,2,FALSE) -> 橘 | D49: =VLOOKUP('参照用（触らない）'!$B2,メンバー!$A$16:$H$25,7,FALSE) -> 〇 | H49: =VLOOKUP('参照用（触らない）'!$B6,メンバー!$A$16:$H$25,2,FALSE) -> 榎村 萌音 | K49: =VLOOKUP('参照用（触らない）'!$B6,メンバー!$A$16:$H$25,7,FALSE) -> 〇 | O49: =VLOOKUP('参照用（触らない）'!$B10,メンバー!$A$16:$H$25,2,FALSE) -> 伊筑 早希 | R49: =VLOOKUP('参照用（触らない）'!$B10,メンバー!$A$16:$H$25,7,FALSE) -> 〇 | V49: =VLOOKUP('参照用（触らない）'!$B2,メンバー!$A$4:$H$11,3,FALSE) -> 蒼樹とも | Y49: =VLOOKUP('参照用（触らない）'!$B2,メンバー!$A$4:$H$11,7,FALSE) -> 〇 | AC49: =VLOOKUP('参照用（触らない）'!$B6,メンバー!$A$4:$H$11,3,FALSE) -> 松尾明 | AF49: =VLOOKUP('参照用（触らない）'!$B6,メンバー!$A$4:$H$11,7,FALSE) -> 〇
A50: =VLOOKUP('参照用（触らない）'!$B3,メンバー!$A$16:$H$25,2,FALSE) -> 豊 ゆうみ | D50: =VLOOKUP('参照用（触らない）'!$B3,メンバー!$A$16:$H$25,7,FALSE) -> 〇 | H50: =VLOOKUP('参照用（触らない）'!$B7,メンバー!$A$16:$H$25,2,FALSE) -> 大島 弥子 | K50: =VLOOKUP('参照用（触らない）'!$B7,メンバー!$A$16:$H$25,7,FALSE) -> 〇 | V50: =VLOOKUP('参照用（触らない）'!$B3,メンバー!$A$4:$H$11,3,FALSE) -> てんま1/2 | Y50: =VLOOKUP('参照用（触らない）'!$B3,メンバー!$A$4:$H$11,7,FALSE) -> 〇 | AC50: =VLOOKUP('参照用（触らない）'!$B7,メンバー!$A$4:$H$11,3,FALSE) -> 廣瀬雅 | AF50: =VLOOKUP('参照用（触らない）'!$B7,メンバー!$A$4:$H$11,7,FALSE) -> 〇
A51: =VLOOKUP('参照用（触らない）'!$B4,メンバー!$A$16:$H$25,2,FALSE) -> ベル | D51: =VLOOKUP('参照用（触らない）'!$B4,メンバー!$A$16:$H$25,7,FALSE) -> 〇 | H51: =VLOOKUP('参照用（触らない）'!$B8,メンバー!$A$16:$H$25,2,FALSE) -> ゆうぞう | K51: =VLOOKUP('参照用（触らない）'!$B8,メンバー!$A$16:$H$25,7,FALSE) -> 〇 | V51: =VLOOKUP('参照用（触らない）'!$B4,メンバー!$A$4:$H$11,3,FALSE) -> 菅原 三花 | Y51: =VLOOKUP('参照用（触らない）'!$B4,メンバー!$A$4:$H$11,7,FALSE) -> 〇

Sheet メンバー
B2: テクニカル | D2: 46002 | E2: 46003 | F2: 46004 | G2: 46005
B3: 演出 | C3: 河元ケンヂ | D3: 〇 | E3: 〇 | F3: 〇 | G3: 〇
A4: 1 | B4: 演出補佐 | C4: 丹波橋あかね | D4: 19～ | E4: 19～ | F4: × | G4: 〇 | H4: 頑張ったら12/12（金）13:00〜も可能かも
A5: 2 | B5: 舞台監督 | C5: 蒼樹とも | D5: 〇 | E5: 〇 | F5: 〇 | G5: 〇
A6: 3 | B6: 舞台美術 | C6: てんま1/2 | D6: 〇 | E6: 〇 | F6: 〇 | G6: 〇
B7: 舞台美術 | C7: 蒼樹とも | D7: 〇 | E7: 〇 | F7: 〇 | G7: 〇
A8: 4 | B8: 照明 | C8: 菅原 三花 | D8: 13～ | E8: 〇 | F8: 〇 | G8: 〇 | H8: 22時まで対応可能ですが、 体力を考慮した場合は21時くらい
A9: 5 | B9: 照明 | C9: いろ | D9: 14:30～ | E9: 〇 | F9: 〇 | G9: 〇 | H9: 終電と体力的に21時半だと助かります、、 遅くとも22時
A10: 6 | B10: 音響 | C10: 松尾明 | D10: 〇 | E10: 〇 | F10: 〇 | G10: 〇 | H10: 22時解散
A11: 7 | B11: 衣装 | C11: 廣瀬雅 | D11: 〇 | E11: 〇 | F11: 〇 | G11: 〇 | H11: 22時終わりだ
B12: 小道具 | C12: てんま1/2 | D12: 〇 | E12: 〇 | F12: 〇 | G12: 〇
B13: 制作 | C13: てんま1/2 | D13: 〇 | E13: 〇 | F13: 〇 | G13: 〇
B14: 宣伝美術
B15: 役者 | D15: =D2 -> 46002 | E15: =E2 -> 46003 | F15: =F2 -> 46004 | G15: =G2 -> 46005
A16: 1 | B16: 河元ケンヂ | D16: 〇 | E16: 〇 | F16: 〇 | G16: 〇
A17: 2 | B17: 橘 | D17: 要調整 18-19～ | E17: 〇 | F17: 〇 | G17: 〇 | H17: 21時半までに終われるようであればありがたくはあるのですが、無理そうであれば居残ろうと思います。
A18: 3 | B18: 豊 ゆうみ | D18: 18:30～ | E18: 14～ | F18: 〇 | G18: 〇 | H18: 終電に間に合う23時頃まで対応可能
A19: 4 | B19: ベル | D19: 18-19～ | E19: 14～ | F19: 〇 | G19: 〇 | H19: なんじかんでもだいじようぶ
A20: 5 | B20: 真嶋 秀典 | D20: 〇 | E20: 〇 | F20: 〇 | G20: 〇 | H20: 最終は何時でも大丈夫
A21: 6 | B21: 榎村 萌音 | D21: 18～ | E21: 14～ | F21: 〇 | G21: 〇 | H21: できれば21時まで(無理なら22時まで) 12日→22時まで
A22: 7 | B22: 大島 弥子 | D22: × | E22: 〇 | F22: 〇 | G22: 〇 | H22: 22:00までがありがたいのですが、最長22:30くらい
A23: 8 | B23: ゆうぞう | D23: 19～ | E23: 14～ | F23: 〇 | G23: 〇 | H23: 最大23時
A24: 9 | B24: 安河内 咲月 | D24: 〇 | E24: 〇 | F24: 〇 | G24: 〇 | H24: 0.91666667
A25: 10 | B25: 伊筑 早希 | D25: 〇 | E25: 〇 | F25: 〇 | G25: 〇 | H25: 終電に間に合う23時頃まで対応可能

Sheet 参照用（触らない）
A1: 0.041666667 | B1: 1
A2: 0.020833333 | B2: 2
B3: 3
B4: 4
B5: 5
B6: 6
B7: 7
B8: 8
B9: 9
B10: 10
B11: 11
B12: 12
B13: 13
B14: 14
B15: 15

Sheet 参照用
